d570e8,172.23.0.2,GET,http://recommended-project.docksal/admin/modules/uninstall,1713463190,d570e8,200,request
aeaedf,172.23.0.2,GET,http://recommended-project.docksal/admin/modules/uninstall,1713463190,d570e8,200,request
1ba75f,172.23.0.2,GET,http://recommended-project.docksal/admin/modules/uninstall,1713463190,d570e8,200,request
22e399,172.23.0.2,GET,http://recommended-project.docksal/admin/modules/uninstall,1713463190,d570e8,200,request
3caac1,172.23.0.2,GET,http://recommended-project.docksal/admin/modules/uninstall,1713463190,d570e8,200,request
d935db,172.23.0.2,GET,http://recommended-project.docksal/admin/modules/uninstall,1713463190,d570e8,200,request
912e0c,172.23.0.2,GET,http://recommended-project.docksal/admin/modules/uninstall,1713463190,d570e8,200,request
8aef3b,172.23.0.2,GET,http://recommended-project.docksal/admin/modules/uninstall,1713463190,d570e8,200,request
eeaaca,172.23.0.2,GET,http://recommended-project.docksal/admin/modules/uninstall,1713463190,d570e8,200,request
55fb14,172.23.0.2,GET,http://recommended-project.docksal/admin/modules/uninstall,1713463190,d570e8,200,request
c84a34,172.23.0.2,GET,http://recommended-project.docksal/admin/modules/uninstall,1713463190,d570e8,200,request
8f230c,172.23.0.2,GET,http://recommended-project.docksal/admin/modules/uninstall,1713463190,d570e8,200,request
d0622f,172.23.0.2,GET,http://recommended-project.docksal/admin/modules/uninstall,1713463190,d570e8,200,request
b810f7,172.23.0.2,GET,http://recommended-project.docksal/admin/modules/uninstall,1713463191,d570e8,200,request
22a87b,172.23.0.2,GET,http://recommended-project.docksal/admin/modules/uninstall,1713463191,d570e8,200,request
f6c3b5,172.23.0.2,GET,http://recommended-project.docksal/admin/modules/uninstall,1713463191,d570e8,200,request
58b412,172.23.0.2,GET,http://recommended-project.docksal/admin/modules/uninstall,1713463191,d570e8,200,request
a0d465,172.23.0.2,GET,http://recommended-project.docksal/admin/modules/uninstall,1713463191,d570e8,200,request
1cef3e,172.23.0.2,GET,http://recommended-project.docksal/admin/modules/uninstall,1713463191,d570e8,200,request
e34818,172.23.0.2,GET,http://recommended-project.docksal/admin/modules/uninstall,1713463191,d570e8,200,request
39e6b0,172.23.0.2,GET,http://recommended-project.docksal/admin/modules/uninstall,1713463191,d570e8,200,request
f39c1a,172.23.0.2,GET,http://recommended-project.docksal/admin/modules/uninstall,1713463191,d570e8,200,request
7678f5,172.23.0.2,GET,http://recommended-project.docksal/admin/modules/uninstall,1713463191,d570e8,200,request
3a6913,172.23.0.2,GET,http://recommended-project.docksal/admin/modules,1713463213,3a6913,200,request
cfd4c2,172.23.0.2,GET,http://recommended-project.docksal/batch?id=8&op=start,1713463226,cfd4c2,200,request
0ed653,172.23.0.2,POST,http://recommended-project.docksal/batch?_format=json&id=8&op=do,1713463229,0ed653,200,request
dbb49a,172.23.0.2,POST,http://recommended-project.docksal/batch?_format=json&id=8&op=do,1713463232,dbb49a,200,request
a0bcd7,172.23.0.2,POST,http://recommended-project.docksal/batch?_format=json&id=8&op=do,1713463233,a0bcd7,200,request
2c9b64,172.23.0.2,POST,http://recommended-project.docksal/batch?_format=json&id=8&op=do,1713463236,2c9b64,200,request
9fddf5,172.23.0.2,POST,http://recommended-project.docksal/batch?_format=json&id=8&op=do,1713463237,9fddf5,200,request
355c55,172.23.0.2,POST,http://recommended-project.docksal/batch?_format=json&id=8&op=do,1713463239,355c55,200,request
8c4565,172.23.0.2,POST,http://recommended-project.docksal/batch?_format=json&id=8&op=do,1713463241,8c4565,200,request
4a4b43,172.23.0.2,POST,http://recommended-project.docksal/batch?_format=json&id=8&op=do,1713463243,4a4b43,200,request
9df290,172.23.0.2,POST,http://recommended-project.docksal/batch?_format=json&id=8&op=do,1713463245,9df290,200,request
d18288,172.23.0.2,POST,http://recommended-project.docksal/batch?_format=json&id=8&op=do,1713463249,d18288,200,request
027905,172.23.0.2,POST,http://recommended-project.docksal/batch?_format=json&id=8&op=do,1713463255,027905,200,request
13b14f,172.23.0.2,POST,http://recommended-project.docksal/batch?_format=json&id=8&op=do,1713463260,13b14f,200,request
aa5bb9,172.23.0.2,POST,http://recommended-project.docksal/batch?_format=json&id=8&op=do,1713463265,aa5bb9,200,request
6efe02,172.23.0.2,GET,http://recommended-project.docksal/batch?id=8&op=finished,1713463267,6efe02,303,request
0c006d,172.23.0.2,GET,http://recommended-project.docksal/admin/modules,1713463274,0c006d,200,request
c07fed,172.23.0.2,GET,http://recommended-project.docksal/admin/reports/updates/update,1713463400,c07fed,200,request
7447a9,172.23.0.2,GET,http://recommended-project.docksal/admin/reports/updates/update,1713463401,c07fed,200,request
5b1a1a,172.23.0.2,GET,http://recommended-project.docksal/admin/reports/updates/update,1713463401,c07fed,200,request
fbd290,172.23.0.2,GET,http://recommended-project.docksal/admin/reports/updates/update,1713463401,c07fed,200,request
b21741,172.23.0.2,GET,http://recommended-project.docksal/admin/reports/updates/update,1713463401,c07fed,200,request
059d7a,172.23.0.2,GET,http://recommended-project.docksal/admin/reports/updates/update,1713463401,c07fed,200,request
5f4d2f,172.23.0.2,GET,http://recommended-project.docksal/admin/reports/updates/update,1713463401,c07fed,200,request
470f4c,172.23.0.2,GET,http://recommended-project.docksal/admin/reports/updates/update,1713463401,c07fed,200,request
d0c7b7,172.23.0.2,GET,http://recommended-project.docksal/admin/reports/updates/update,1713463401,c07fed,200,request
5cff8b,172.23.0.2,GET,http://recommended-project.docksal/admin/reports/updates/update,1713463401,c07fed,200,request
678d33,172.23.0.2,GET,http://recommended-project.docksal/admin/reports/updates/update,1713463401,c07fed,200,request
9ada0e,172.23.0.2,GET,http://recommended-project.docksal/admin/reports/updates/update,1713463401,c07fed,200,request
fff32b,172.23.0.2,GET,http://recommended-project.docksal/admin/reports/updates/update,1713463401,c07fed,200,request
aced84,172.23.0.2,GET,http://recommended-project.docksal/admin/reports/updates/update,1713463401,c07fed,200,request
73d4b7,172.23.0.2,GET,http://recommended-project.docksal/admin/reports/updates/update,1713463401,c07fed,200,request
e2bb5f,172.23.0.2,GET,http://recommended-project.docksal/admin/reports/updates/update,1713463401,c07fed,200,request
0cdcec,172.23.0.2,GET,http://recommended-project.docksal/admin/reports/updates/update,1713463402,c07fed,200,request
90ec15,172.23.0.2,GET,http://recommended-project.docksal/admin/reports/updates/update,1713463402,c07fed,200,request
44152c,172.23.0.2,GET,http://recommended-project.docksal/admin/reports/updates/update,1713463402,c07fed,200,request
73a99f,172.23.0.2,GET,http://recommended-project.docksal/admin/reports/updates/update,1713463402,c07fed,200,request
914369,172.23.0.2,GET,http://recommended-project.docksal/admin/reports/updates/update,1713463402,c07fed,200,request
fe5110,172.23.0.2,GET,http://recommended-project.docksal/admin/reports/updates/update,1713463402,c07fed,200,request
11d67e,172.23.0.2,GET,http://recommended-project.docksal/admin/reports/updates/update,1713463402,c07fed,200,request
803c1a,172.23.0.2,GET,http://recommended-project.docksal/admin/reports/updates/update,1713463402,c07fed,200,request
2f302c,172.23.0.2,GET,http://recommended-project.docksal/,1713540574,2f302c,200,request
54476d,172.23.0.2,GET,http://recommended-project.docksal/,1713540574,2f302c,200,request
34121c,172.23.0.2,GET,http://recommended-project.docksal/,1713540574,2f302c,200,request
c42817,172.23.0.2,GET,http://recommended-project.docksal/,1713540574,2f302c,200,request
8d1b96,172.23.0.2,GET,http://recommended-project.docksal/,1713540574,2f302c,200,request
efea9d,172.23.0.2,GET,http://recommended-project.docksal/,1713540574,2f302c,200,request
eb819b,172.23.0.2,GET,http://recommended-project.docksal/,1713540574,2f302c,200,request
e0d229,172.23.0.2,GET,http://recommended-project.docksal/,1713540574,2f302c,200,request
cfe31c,172.23.0.2,GET,http://recommended-project.docksal/,1713540575,2f302c,200,request
a4f1a2,172.23.0.2,GET,http://recommended-project.docksal/,1713540575,2f302c,200,request
76a803,172.23.0.2,GET,http://recommended-project.docksal/,1713540575,2f302c,200,request
9fced1,172.23.0.2,GET,http://recommended-project.docksal/,1713540575,2f302c,200,request
5bcf66,172.23.0.2,GET,http://recommended-project.docksal/,1713540575,2f302c,200,request
76a6a9,172.23.0.2,GET,http://recommended-project.docksal/,1713540575,2f302c,200,request
764904,172.23.0.2,GET,http://recommended-project.docksal/,1713540575,2f302c,200,request
f5451a,172.23.0.2,GET,http://recommended-project.docksal/,1713540575,2f302c,200,request
f834a3,172.23.0.2,GET,http://recommended-project.docksal/,1713540575,2f302c,200,request
5e6e93,172.23.0.2,GET,http://recommended-project.docksal/,1713540575,2f302c,200,request
0903f1,172.23.0.2,GET,http://recommended-project.docksal/,1713540575,2f302c,200,request
050945,172.23.0.2,GET,http://recommended-project.docksal/,1713540575,2f302c,200,request
1ed0e5,172.23.0.2,GET,http://recommended-project.docksal/admin/modules/uninstall,1713882516,1ed0e5,200,request
db5c70,172.23.0.2,GET,http://recommended-project.docksal/admin/modules/uninstall,1713882516,1ed0e5,200,request
893209,172.23.0.2,GET,http://recommended-project.docksal/admin/modules/uninstall,1713882516,1ed0e5,200,request
19ded0,172.23.0.2,GET,http://recommended-project.docksal/admin/modules/uninstall,1713882516,1ed0e5,200,request
302f29,172.23.0.2,GET,http://recommended-project.docksal/admin/modules/uninstall,1713882516,1ed0e5,200,request
512185,172.23.0.2,GET,http://recommended-project.docksal/admin/modules/uninstall,1713882516,1ed0e5,200,request
2c7394,172.23.0.2,GET,http://recommended-project.docksal/admin/modules/uninstall,1713882516,1ed0e5,200,request
1fb85c,172.23.0.2,GET,http://recommended-project.docksal/admin/modules/uninstall,1713882516,1ed0e5,200,request
bea4f0,172.23.0.2,GET,http://recommended-project.docksal/admin/modules/uninstall,1713882516,1ed0e5,200,request
b0a36b,172.23.0.2,GET,http://recommended-project.docksal/admin/modules/uninstall,1713882516,1ed0e5,200,request
d7eb61,172.23.0.2,GET,http://recommended-project.docksal/admin/modules/uninstall,1713882516,1ed0e5,200,request
12c1e3,172.23.0.2,GET,http://recommended-project.docksal/admin/modules/uninstall,1713882516,1ed0e5,200,request
5330d6,172.23.0.2,GET,http://recommended-project.docksal/admin/modules/uninstall,1713882516,1ed0e5,200,request
8879d3,172.23.0.2,GET,http://recommended-project.docksal/admin/modules/uninstall,1713882516,1ed0e5,200,request
52262e,172.23.0.2,GET,http://recommended-project.docksal/admin/modules/uninstall,1713882516,1ed0e5,200,request
fd9d61,172.23.0.2,GET,http://recommended-project.docksal/admin/modules/uninstall,1713882516,1ed0e5,200,request
ffc1fd,172.23.0.2,GET,http://recommended-project.docksal/admin/modules/uninstall,1713882516,1ed0e5,200,request
3d038b,172.23.0.2,GET,http://recommended-project.docksal/admin/modules/uninstall,1713882516,1ed0e5,200,request
2aa360,172.23.0.2,GET,http://recommended-project.docksal/admin/modules/uninstall,1713882516,1ed0e5,200,request
1254b9,172.23.0.2,GET,http://recommended-project.docksal/admin/modules/uninstall,1713882517,1ed0e5,200,request
4ec7a1,172.23.0.2,GET,http://recommended-project.docksal/admin/modules/uninstall,1713882517,1ed0e5,200,request
af53e8,172.23.0.2,GET,http://recommended-project.docksal/admin/modules/uninstall,1713882517,1ed0e5,200,request
ca7b6a,172.23.0.2,GET,http://recommended-project.docksal/admin/modules/uninstall,1713882517,1ed0e5,200,request
69ef6f,172.23.0.2,GET,http://recommended-project.docksal/,1713882505,69ef6f,200,request
d47546,172.23.0.2,GET,http://recommended-project.docksal/,1713882506,69ef6f,200,request
9162a0,172.23.0.2,GET,http://recommended-project.docksal/,1713882506,69ef6f,200,request
513bc1,172.23.0.2,GET,http://recommended-project.docksal/,1713882506,69ef6f,200,request
38191c,172.23.0.2,GET,http://recommended-project.docksal/,1713882506,69ef6f,200,request
90ca3f,172.23.0.2,GET,http://recommended-project.docksal/,1713882506,69ef6f,200,request
a74e35,172.23.0.2,GET,http://recommended-project.docksal/,1713882506,69ef6f,200,request
c98b06,172.23.0.2,GET,http://recommended-project.docksal/,1713882506,69ef6f,200,request
019200,172.23.0.2,GET,http://recommended-project.docksal/,1713882506,69ef6f,200,request
9793fa,172.23.0.2,GET,http://recommended-project.docksal/,1713882506,69ef6f,200,request
b0d11e,172.23.0.2,GET,http://recommended-project.docksal/,1713882506,69ef6f,200,request
5198a8,172.23.0.2,GET,http://recommended-project.docksal/,1713882506,69ef6f,200,request
4dea65,172.23.0.2,GET,http://recommended-project.docksal/,1713882506,69ef6f,200,request
df9593,172.23.0.2,GET,http://recommended-project.docksal/,1713882506,69ef6f,200,request
b05c6d,172.23.0.2,GET,http://recommended-project.docksal/,1713882506,69ef6f,200,request
82669b,172.23.0.2,GET,http://recommended-project.docksal/,1713882506,69ef6f,200,request
6c0832,172.23.0.2,GET,http://recommended-project.docksal/,1713882506,69ef6f,200,request
6d5d30,172.23.0.2,GET,http://recommended-project.docksal/,1713882506,69ef6f,200,request
9eb9a8,172.23.0.2,GET,http://recommended-project.docksal/,1713882507,69ef6f,200,request
a46cbb,172.23.0.2,GET,http://recommended-project.docksal/,1713882507,69ef6f,200,request
5f85d1,172.23.0.2,GET,http://recommended-project.docksal/admin/people/permissions,1713885587,e29cb0,500,request
e29cb0,172.23.0.2,GET,http://recommended-project.docksal/admin/people/permissions,1713885587,e29cb0,500,request
a4e424,172.23.0.2,GET,http://recommended-project.docksal/admin/modules/uninstall,1713885667,a4e424,200,request
36789e,172.23.0.2,GET,http://recommended-project.docksal/admin/modules/uninstall,1713885667,a4e424,200,request
4e27d4,172.23.0.2,GET,http://recommended-project.docksal/admin/modules/uninstall,1713885667,a4e424,200,request
68daea,172.23.0.2,GET,http://recommended-project.docksal/admin/modules/uninstall,1713885667,a4e424,200,request
931971,172.23.0.2,GET,http://recommended-project.docksal/admin/modules/uninstall,1713885667,a4e424,200,request
42c8aa,172.23.0.2,GET,http://recommended-project.docksal/admin/modules/uninstall,1713885667,a4e424,200,request
4428ad,172.23.0.2,GET,http://recommended-project.docksal/admin/modules/uninstall,1713885667,a4e424,200,request
53ed88,172.23.0.2,GET,http://recommended-project.docksal/admin/modules/uninstall,1713885667,a4e424,200,request
db7a2d,172.23.0.2,GET,http://recommended-project.docksal/admin/modules/uninstall,1713885667,a4e424,200,request
8ee121,172.23.0.2,GET,http://recommended-project.docksal/admin/modules/uninstall,1713885667,a4e424,200,request
4acdb0,172.23.0.2,GET,http://recommended-project.docksal/admin/modules/uninstall,1713885667,a4e424,200,request
516455,172.23.0.2,GET,http://recommended-project.docksal/admin/modules/uninstall,1713885667,a4e424,200,request
c7e532,172.23.0.2,GET,http://recommended-project.docksal/admin/modules/uninstall,1713885667,a4e424,200,request
0e90d6,172.23.0.2,GET,http://recommended-project.docksal/admin/modules/uninstall,1713885667,a4e424,200,request
02aa66,172.23.0.2,GET,http://recommended-project.docksal/admin/modules/uninstall,1713885667,a4e424,200,request
48a3a6,172.23.0.2,GET,http://recommended-project.docksal/admin/modules/uninstall,1713885668,a4e424,200,request
85c028,172.23.0.2,GET,http://recommended-project.docksal/admin/modules/uninstall,1713885668,a4e424,200,request
d503ac,172.23.0.2,GET,http://recommended-project.docksal/admin/modules/uninstall,1713885668,a4e424,200,request
95fd14,172.23.0.2,GET,http://recommended-project.docksal/admin/modules/uninstall,1713885668,a4e424,200,request
e6263d,172.23.0.2,GET,http://recommended-project.docksal/admin/modules/uninstall,1713885668,a4e424,200,request
5194f0,172.23.0.2,GET,http://recommended-project.docksal/admin/modules/uninstall,1713885668,a4e424,200,request
114ed7,172.23.0.2,GET,http://recommended-project.docksal/admin/modules/uninstall,1713885668,a4e424,200,request
8068a2,172.23.0.2,GET,http://recommended-project.docksal/admin/modules/uninstall,1713885668,a4e424,200,request
7a257c,172.23.0.2,GET,http://recommended-project.docksal/,1713885679,7a257c,200,request
7d7e10,172.23.0.2,GET,http://recommended-project.docksal/,1713885679,7a257c,200,request
768d5a,172.23.0.2,GET,http://recommended-project.docksal/,1713885679,7a257c,200,request
9c74c2,172.23.0.2,GET,http://recommended-project.docksal/,1713885679,7a257c,200,request
e7a44b,172.23.0.2,GET,http://recommended-project.docksal/,1713885679,7a257c,200,request
e9cd50,172.23.0.2,GET,http://recommended-project.docksal/,1713885679,7a257c,200,request
742db9,172.23.0.2,GET,http://recommended-project.docksal/,1713885679,7a257c,200,request
5b72ea,172.23.0.2,GET,http://recommended-project.docksal/,1713885679,7a257c,200,request
118f46,172.23.0.2,GET,http://recommended-project.docksal/,1713885679,7a257c,200,request
bc4c16,172.23.0.2,GET,http://recommended-project.docksal/,1713885679,7a257c,200,request
39e962,172.23.0.2,GET,http://recommended-project.docksal/,1713885679,7a257c,200,request
ab6087,172.23.0.2,GET,http://recommended-project.docksal/,1713885679,7a257c,200,request
b1bc7b,172.23.0.2,GET,http://recommended-project.docksal/,1713885679,7a257c,200,request
4ebcfa,172.23.0.2,GET,http://recommended-project.docksal/,1713885679,7a257c,200,request
c21e6d,172.23.0.2,GET,http://recommended-project.docksal/,1713885679,7a257c,200,request
b64a88,172.23.0.2,GET,http://recommended-project.docksal/,1713885679,7a257c,200,request
7efba0,172.23.0.2,GET,http://recommended-project.docksal/,1713885679,7a257c,200,request
0bcb53,172.23.0.2,GET,http://recommended-project.docksal/,1713885679,7a257c,200,request
1fd625,172.23.0.2,GET,http://recommended-project.docksal/,1713885679,7a257c,200,request
53e046,172.23.0.2,GET,http://recommended-project.docksal/,1713885679,7a257c,200,request
03c6fc,172.23.0.2,GET,http://recommended-project.docksal/admin/people/permissions,1713885687,b16b0d,500,request
b16b0d,172.23.0.2,GET,http://recommended-project.docksal/admin/people/permissions,1713885687,b16b0d,500,request
5569a3,172.23.0.2,GET,http://recommended-project.docksal/,1713966970,5569a3,200,request
067241,172.23.0.2,GET,http://recommended-project.docksal/,1713966970,5569a3,200,request
88a706,172.23.0.2,GET,http://recommended-project.docksal/,1713966970,5569a3,200,request
31c3d4,172.23.0.2,GET,http://recommended-project.docksal/,1713966970,5569a3,200,request
258a92,172.23.0.2,GET,http://recommended-project.docksal/,1713966970,5569a3,200,request
2f1d18,172.23.0.2,GET,http://recommended-project.docksal/,1713966970,5569a3,200,request
814f33,172.23.0.2,GET,http://recommended-project.docksal/,1713966970,5569a3,200,request
83dab9,172.23.0.2,GET,http://recommended-project.docksal/,1713966970,5569a3,200,request
cfc8c1,172.23.0.2,GET,http://recommended-project.docksal/,1713966970,5569a3,200,request
39cef3,172.23.0.2,GET,http://recommended-project.docksal/,1713966970,5569a3,200,request
4fc7bd,172.23.0.2,GET,http://recommended-project.docksal/,1713966970,5569a3,200,request
e9fb0a,172.23.0.2,GET,http://recommended-project.docksal/,1713966970,5569a3,200,request
f3ce48,172.23.0.2,GET,http://recommended-project.docksal/,1713966970,5569a3,200,request
31d9e6,172.23.0.2,GET,http://recommended-project.docksal/,1713966971,5569a3,200,request
d9706a,172.23.0.2,GET,http://recommended-project.docksal/,1713966971,5569a3,200,request
c77bb2,172.23.0.2,GET,http://recommended-project.docksal/,1713966971,5569a3,200,request
e0de7b,172.23.0.2,GET,http://recommended-project.docksal/,1713966971,5569a3,200,request
f81ac9,172.23.0.2,GET,http://recommended-project.docksal/,1713966971,5569a3,200,request
41267d,172.23.0.2,GET,http://recommended-project.docksal/,1713966971,5569a3,200,request
c8dfc2,172.23.0.2,GET,http://recommended-project.docksal/,1713966971,5569a3,200,request
1e0b16,172.23.0.2,GET,http://recommended-project.docksal/admin/people/permissions,1713967285,3ca44c,500,request
3ca44c,172.23.0.2,GET,http://recommended-project.docksal/admin/people/permissions,1713967285,3ca44c,500,request
201388,172.23.0.2,GET,http://recommended-project.docksal/admin/people/permissions,1713968972,3d6d4d,500,request
3d6d4d,172.23.0.2,GET,http://recommended-project.docksal/admin/people/permissions,1713968972,3d6d4d,500,request
609a59,172.23.0.2,GET,http://recommended-project.docksal/,1714753739,609a59,200,request
25aa18,172.23.0.2,GET,http://recommended-project.docksal/,1714753739,609a59,200,request
8aea5b,172.23.0.2,GET,http://recommended-project.docksal/,1714753739,609a59,200,request
a9d413,172.23.0.2,GET,http://recommended-project.docksal/,1714753739,609a59,200,request
9e0173,172.23.0.2,GET,http://recommended-project.docksal/,1714753739,609a59,200,request
c4dfb7,172.23.0.2,GET,http://recommended-project.docksal/,1714753739,609a59,200,request
b30966,172.23.0.2,GET,http://recommended-project.docksal/,1714753739,609a59,200,request
52d8ea,172.23.0.2,GET,http://recommended-project.docksal/,1714753739,609a59,200,request
fb8f53,172.23.0.2,GET,http://recommended-project.docksal/,1714753740,609a59,200,request
748e5e,172.23.0.2,GET,http://recommended-project.docksal/,1714753740,609a59,200,request
7d90f1,172.23.0.2,GET,http://recommended-project.docksal/,1714753740,609a59,200,request
58dfa1,172.23.0.2,GET,http://recommended-project.docksal/,1714753740,609a59,200,request
582c60,172.23.0.2,GET,http://recommended-project.docksal/,1714753740,609a59,200,request
f1b9e5,172.23.0.2,GET,http://recommended-project.docksal/,1714753740,609a59,200,request
6ffe16,172.23.0.2,GET,http://recommended-project.docksal/,1714753740,609a59,200,request
deaef7,172.23.0.2,GET,http://recommended-project.docksal/,1714753740,609a59,200,request
aed7c1,172.23.0.2,GET,http://recommended-project.docksal/,1714753740,609a59,200,request
aed685,172.23.0.2,GET,http://recommended-project.docksal/,1714753740,609a59,200,request
e7e2b5,172.23.0.2,GET,http://recommended-project.docksal/,1714753740,609a59,200,request
c97466,172.23.0.2,GET,http://recommended-project.docksal/,1714753740,609a59,200,request
7cbf3f,172.23.0.2,GET,http://recommended-project.docksal/admin/people/permissions,1714754964,ce6abb,500,request
ce6abb,172.23.0.2,GET,http://recommended-project.docksal/admin/people/permissions,1714754964,ce6abb,500,request
e1c330,172.23.0.2,GET,http://recommended-project.docksal/admin/reports/dblog,1714755140,e1c330,200,request
ac96c5,172.23.0.2,GET,http://recommended-project.docksal/admin/reports/dblog,1714755140,e1c330,200,request
160504,172.23.0.2,GET,http://recommended-project.docksal/admin/reports/dblog,1714755141,e1c330,200,request
90619a,172.23.0.2,GET,http://recommended-project.docksal/admin/reports/dblog,1714755141,e1c330,200,request
572088,172.23.0.2,GET,http://recommended-project.docksal/admin/reports/dblog,1714755141,e1c330,200,request
5ef212,172.23.0.2,GET,http://recommended-project.docksal/admin/reports/dblog,1714755141,e1c330,200,request
2cde60,172.23.0.2,GET,http://recommended-project.docksal/admin/reports/dblog,1714755141,e1c330,200,request
6d7477,172.23.0.2,GET,http://recommended-project.docksal/admin/reports/dblog,1714755141,e1c330,200,request
122fa6,172.23.0.2,GET,http://recommended-project.docksal/admin/reports/dblog,1714755141,e1c330,200,request
6a28b5,172.23.0.2,GET,http://recommended-project.docksal/admin/reports/dblog,1714755141,e1c330,200,request
ec8ac2,172.23.0.2,GET,http://recommended-project.docksal/admin/reports/dblog,1714755141,e1c330,200,request
3353bd,172.23.0.2,GET,http://recommended-project.docksal/admin/reports/dblog,1714755141,e1c330,200,request
58ebdd,172.23.0.2,GET,http://recommended-project.docksal/admin/reports/dblog,1714755141,e1c330,200,request
8f9f9b,172.23.0.2,GET,http://recommended-project.docksal/admin/reports/dblog,1714755141,e1c330,200,request
974345,172.23.0.2,GET,http://recommended-project.docksal/admin/reports/dblog,1714755141,e1c330,200,request
99d530,172.23.0.2,GET,http://recommended-project.docksal/admin/reports/dblog,1714755141,e1c330,200,request
92c122,172.23.0.2,GET,http://recommended-project.docksal/admin/reports/dblog,1714755141,e1c330,200,request
8b9325,172.23.0.2,GET,http://recommended-project.docksal/admin/reports/dblog,1714755141,e1c330,200,request
d3d6b2,172.23.0.2,GET,http://recommended-project.docksal/admin/reports/dblog,1714755141,e1c330,200,request
5fd58f,172.23.0.2,GET,http://recommended-project.docksal/admin/reports/status,1714755154,5fd58f,200,request
d5f30b,172.23.0.2,GET,http://recommended-project.docksal/admin/reports/status,1714755154,5fd58f,200,request
d0556d,172.23.0.2,GET,http://recommended-project.docksal/admin/reports/status,1714755154,5fd58f,200,request
c14604,172.23.0.2,GET,http://recommended-project.docksal/admin/reports/status,1714755154,5fd58f,200,request
72d0f2,172.23.0.2,GET,http://recommended-project.docksal/admin/reports/status,1714755154,5fd58f,200,request
e0b4dd,172.23.0.2,GET,http://recommended-project.docksal/admin/reports/status,1714755154,5fd58f,200,request
cdf171,172.23.0.2,GET,http://recommended-project.docksal/admin/reports/status,1714755154,5fd58f,200,request
86e18a,172.23.0.2,GET,http://recommended-project.docksal/admin/reports/status,1714755154,5fd58f,200,request
9c24f7,172.23.0.2,GET,http://recommended-project.docksal/admin/reports/status,1714755154,5fd58f,200,request
ac8939,172.23.0.2,GET,http://recommended-project.docksal/admin/reports/status,1714755154,5fd58f,200,request
998946,172.23.0.2,GET,http://recommended-project.docksal/admin/reports/status,1714755154,5fd58f,200,request
4e7a94,172.23.0.2,GET,http://recommended-project.docksal/admin/reports/status,1714755154,5fd58f,200,request
9ac653,172.23.0.2,GET,http://recommended-project.docksal/admin/reports/status,1714755154,5fd58f,200,request
ef0115,172.23.0.2,GET,http://recommended-project.docksal/admin/reports/status,1714755154,5fd58f,200,request
5830dc,172.23.0.2,GET,http://recommended-project.docksal/admin/reports/status,1714755154,5fd58f,200,request
ef01bf,172.23.0.2,GET,http://recommended-project.docksal/admin/reports/status,1714755154,5fd58f,200,request
b33a2b,172.23.0.2,GET,http://recommended-project.docksal/admin/reports/status,1714755154,5fd58f,200,request
9ee070,172.23.0.2,GET,http://recommended-project.docksal/admin/reports/status,1714755154,5fd58f,200,request
57dc39,172.23.0.2,GET,http://recommended-project.docksal/admin/reports/status,1714755154,5fd58f,200,request
c4d4ae,172.23.0.2,GET,http://recommended-project.docksal/admin/reports/status,1714755154,5fd58f,200,request
35c23a,172.23.0.2,GET,http://recommended-project.docksal/admin/reports/dblog/event/499,1714755163,35c23a,200,request
045558,172.23.0.2,GET,http://recommended-project.docksal/admin/reports/dblog/event/499,1714755163,35c23a,200,request
37ec18,172.23.0.2,GET,http://recommended-project.docksal/admin/reports/dblog/event/499,1714755163,35c23a,200,request
582f4e,172.23.0.2,GET,http://recommended-project.docksal/admin/reports/dblog/event/499,1714755163,35c23a,200,request
49f061,172.23.0.2,GET,http://recommended-project.docksal/admin/reports/dblog/event/499,1714755163,35c23a,200,request
8a1148,172.23.0.2,GET,http://recommended-project.docksal/admin/reports/dblog/event/499,1714755163,35c23a,200,request
939787,172.23.0.2,GET,http://recommended-project.docksal/admin/reports/dblog/event/499,1714755163,35c23a,200,request
8632e2,172.23.0.2,GET,http://recommended-project.docksal/admin/reports/dblog/event/499,1714755163,35c23a,200,request
2daf9b,172.23.0.2,GET,http://recommended-project.docksal/admin/reports/dblog/event/499,1714755163,35c23a,200,request
3585b8,172.23.0.2,GET,http://recommended-project.docksal/admin/reports/dblog/event/499,1714755163,35c23a,200,request
3db3ce,172.23.0.2,GET,http://recommended-project.docksal/admin/reports/dblog/event/499,1714755163,35c23a,200,request
f689ca,172.23.0.2,GET,http://recommended-project.docksal/admin/reports/dblog/event/499,1714755163,35c23a,200,request
b55b36,172.23.0.2,GET,http://recommended-project.docksal/admin/reports/dblog/event/499,1714755163,35c23a,200,request
680e04,172.23.0.2,GET,http://recommended-project.docksal/admin/reports/dblog/event/499,1714755163,35c23a,200,request
9dd0a8,172.23.0.2,GET,http://recommended-project.docksal/admin/reports/dblog/event/499,1714755163,35c23a,200,request
58116c,172.23.0.2,GET,http://recommended-project.docksal/admin/reports/dblog/event/499,1714755163,35c23a,200,request
c59993,172.23.0.2,GET,http://recommended-project.docksal/admin/reports/dblog/event/499,1714755164,35c23a,200,request
53933b,172.23.0.2,GET,http://recommended-project.docksal/admin/reports/dblog/event/499,1714755164,35c23a,200,request
da431b,172.23.0.2,GET,http://recommended-project.docksal/admin/reports/dblog/event/499,1714755164,35c23a,200,request
